TiempoKey;Fecha;Mes;Dia;Anio
1;01-01-2017;1;1;2017
2;02-01-2017;1;2;2017
3;03-01-2017;1;3;2017
4;04-01-2017;1;4;2017
5;05-01-2017;1;5;2017
6;06-01-2017;1;6;2017
7;07-01-2017;1;7;2017
8;08-01-2017;1;8;2017
9;09-01-2017;1;9;2017
10;10-01-2017;1;10;2017
11;11-01-2017;1;11;2017
12;12-01-2017;1;12;2017
13;13-01-2017;1;13;2017
14;14-01-2017;1;14;2017
15;15-01-2017;1;15;2017
16;16-01-2017;1;16;2017
17;17-01-2017;1;17;2017
18;18-01-2017;1;18;2017
19;19-01-2017;1;19;2017
20;20-01-2017;1;20;2017
21;21-01-2017;1;21;2017
22;22-01-2017;1;22;2017
23;23-01-2017;1;23;2017
24;24-01-2017;1;24;2017
25;25-01-2017;1;25;2017
26;26-01-2017;1;26;2017
27;27-01-2017;1;27;2017
28;28-01-2017;1;28;2017
29;29-01-2017;1;29;2017
30;30-01-2017;1;30;2017
31;31-01-2017;1;31;2017
101;01-02-2017;2;1;2017
102;02-02-2017;2;2;2017
103;03-02-2017;2;3;2017
104;04-02-2017;2;4;2017
105;05-02-2017;2;5;2017
106;06-02-2017;2;6;2017
107;07-02-2017;2;7;2017
108;08-02-2017;2;8;2017
109;09-02-2017;2;9;2017
110;10-02-2017;2;10;2017
111;11-02-2017;2;11;2017
112;12-02-2017;2;12;2017
113;13-02-2017;2;13;2017
114;14-02-2017;2;14;2017
115;15-02-2017;2;15;2017
116;16-02-2017;2;16;2017
117;17-02-2017;2;17;2017
118;18-02-2017;2;18;2017
119;19-02-2017;2;19;2017
120;20-02-2017;2;20;2017
121;21-02-2017;2;21;2017
122;22-02-2017;2;22;2017
123;23-02-2017;2;23;2017
124;24-02-2017;2;24;2017
125;25-02-2017;2;25;2017
126;26-02-2017;2;26;2017
127;27-02-2017;2;27;2017
128;28-02-2017;2;28;2017
201;01-03-2017;3;1;2017
202;02-03-2017;3;2;2017
203;03-03-2017;3;3;2017
204;04-03-2017;3;4;2017
205;05-03-2017;3;5;2017
206;06-03-2017;3;6;2017
207;07-03-2017;3;7;2017
208;08-03-2017;3;8;2017
209;09-03-2017;3;9;2017
210;10-03-2017;3;10;2017
211;11-03-2017;3;11;2017
212;12-03-2017;3;12;2017
213;13-03-2017;3;13;2017
214;14-03-2017;3;14;2017
215;15-03-2017;3;15;2017
216;16-03-2017;3;16;2017
217;17-03-2017;3;17;2017
218;18-03-2017;3;18;2017
219;19-03-2017;3;19;2017
220;20-03-2017;3;20;2017
221;21-03-2017;3;21;2017
222;22-03-2017;3;22;2017
223;23-03-2017;3;23;2017
224;24-03-2017;3;24;2017
225;25-03-2017;3;25;2017
226;26-03-2017;3;26;2017
227;27-03-2017;3;27;2017
228;28-03-2017;3;28;2017
229;29-03-2017;3;29;2017
230;30-03-2017;3;30;2017
231;31-03-2017;3;31;2017
301;01-04-2017;4;1;2017
302;02-04-2017;4;2;2017
303;03-04-2017;4;3;2017
304;04-04-2017;4;4;2017
305;05-04-2017;4;5;2017
306;06-04-2017;4;6;2017
307;07-04-2017;4;7;2017
308;08-04-2017;4;8;2017
309;09-04-2017;4;9;2017
310;10-04-2017;4;10;2017
311;11-04-2017;4;11;2017
312;12-04-2017;4;12;2017
313;13-04-2017;4;13;2017
314;14-04-2017;4;14;2017
315;15-04-2017;4;15;2017
316;16-04-2017;4;16;2017
317;17-04-2017;4;17;2017
318;18-04-2017;4;18;2017
319;19-04-2017;4;19;2017
320;20-04-2017;4;20;2017
321;21-04-2017;4;21;2017
322;22-04-2017;4;22;2017
323;23-04-2017;4;23;2017
324;24-04-2017;4;24;2017
325;25-04-2017;4;25;2017
326;26-04-2017;4;26;2017
327;27-04-2017;4;27;2017
328;28-04-2017;4;28;2017
329;29-04-2017;4;29;2017
330;30-04-2017;4;30;2017
401;01-05-2017;5;1;2017
402;02-05-2017;5;2;2017
403;03-05-2017;5;3;2017
404;04-05-2017;5;4;2017
405;05-05-2017;5;5;2017
406;06-05-2017;5;6;2017
407;07-05-2017;5;7;2017
408;08-05-2017;5;8;2017
409;09-05-2017;5;9;2017
410;10-05-2017;5;10;2017
411;11-05-2017;5;11;2017
412;12-05-2017;5;12;2017
413;13-05-2017;5;13;2017
414;14-05-2017;5;14;2017
415;15-05-2017;5;15;2017
416;16-05-2017;5;16;2017
417;17-05-2017;5;17;2017
418;18-05-2017;5;18;2017
419;19-05-2017;5;19;2017
420;20-05-2017;5;20;2017
421;21-05-2017;5;21;2017
422;22-05-2017;5;22;2017
423;23-05-2017;5;23;2017
424;24-05-2017;5;24;2017
425;25-05-2017;5;25;2017
426;26-05-2017;5;26;2017
427;27-05-2017;5;27;2017
428;28-05-2017;5;28;2017
429;29-05-2017;5;29;2017
430;30-05-2017;5;30;2017
431;31-05-2017;5;31;2017
501;01-06-2017;6;1;2017
502;02-06-2017;6;2;2017
503;03-06-2017;6;3;2017
504;04-06-2017;6;4;2017
505;05-06-2017;6;5;2017
506;06-06-2017;6;6;2017
507;07-06-2017;6;7;2017
508;08-06-2017;6;8;2017
509;09-06-2017;6;9;2017
510;10-06-2017;6;10;2017
511;11-06-2017;6;11;2017
512;12-06-2017;6;12;2017
513;13-06-2017;6;13;2017
514;14-06-2017;6;14;2017
515;15-06-2017;6;15;2017
516;16-06-2017;6;16;2017
517;17-06-2017;6;17;2017
518;18-06-2017;6;18;2017
519;19-06-2017;6;19;2017
520;20-06-2017;6;20;2017
521;21-06-2017;6;21;2017
522;22-06-2017;6;22;2017
523;23-06-2017;6;23;2017
524;24-06-2017;6;24;2017
525;25-06-2017;6;25;2017
526;26-06-2017;6;26;2017
527;27-06-2017;6;27;2017
528;28-06-2017;6;28;2017
529;29-06-2017;6;29;2017
530;30-06-2017;6;30;2017
601;01-07-2017;7;1;2017
602;02-07-2017;7;2;2017
603;03-07-2017;7;3;2017
604;04-07-2017;7;4;2017
605;05-07-2017;7;5;2017
606;06-07-2017;7;6;2017
607;07-07-2017;7;7;2017
608;08-07-2017;7;8;2017
609;09-07-2017;7;9;2017
610;10-07-2017;7;10;2017
611;11-07-2017;7;11;2017
612;12-07-2017;7;12;2017
613;13-07-2017;7;13;2017
614;14-07-2017;7;14;2017
615;15-07-2017;7;15;2017
616;16-07-2017;7;16;2017
617;17-07-2017;7;17;2017
618;18-07-2017;7;18;2017
619;19-07-2017;7;19;2017
620;20-07-2017;7;20;2017
621;21-07-2017;7;21;2017
622;22-07-2017;7;22;2017
623;23-07-2017;7;23;2017
624;24-07-2017;7;24;2017
625;25-07-2017;7;25;2017
626;26-07-2017;7;26;2017
627;27-07-2017;7;27;2017
628;28-07-2017;7;28;2017
629;29-07-2017;7;29;2017
630;30-07-2017;7;30;2017
631;31-07-2017;7;31;2017
701;01-08-2017;8;1;2017
702;02-08-2017;8;2;2017
703;03-08-2017;8;3;2017
704;04-08-2017;8;4;2017
705;05-08-2017;8;5;2017
706;06-08-2017;8;6;2017
707;07-08-2017;8;7;2017
708;08-08-2017;8;8;2017
709;09-08-2017;8;9;2017
710;10-08-2017;8;10;2017
711;11-08-2017;8;11;2017
712;12-08-2017;8;12;2017
713;13-08-2017;8;13;2017
714;14-08-2017;8;14;2017
715;15-08-2017;8;15;2017
716;16-08-2017;8;16;2017
717;17-08-2017;8;17;2017
718;18-08-2017;8;18;2017
719;19-08-2017;8;19;2017
720;20-08-2017;8;20;2017
721;21-08-2017;8;21;2017
722;22-08-2017;8;22;2017
723;23-08-2017;8;23;2017
724;24-08-2017;8;24;2017
725;25-08-2017;8;25;2017
726;26-08-2017;8;26;2017
727;27-08-2017;8;27;2017
728;28-08-2017;8;28;2017
729;29-08-2017;8;29;2017
730;30-08-2017;8;30;2017
731;31-08-2017;8;31;2017
801;01-09-2017;9;1;2017
802;02-09-2017;9;2;2017
803;03-09-2017;9;3;2017
804;04-09-2017;9;4;2017
805;05-09-2017;9;5;2017
806;06-09-2017;9;6;2017
807;07-09-2017;9;7;2017
808;08-09-2017;9;8;2017
809;09-09-2017;9;9;2017
810;10-09-2017;9;10;2017
811;11-09-2017;9;11;2017
812;12-09-2017;9;12;2017
813;13-09-2017;9;13;2017
814;14-09-2017;9;14;2017
815;15-09-2017;9;15;2017
816;16-09-2017;9;16;2017
817;17-09-2017;9;17;2017
818;18-09-2017;9;18;2017
819;19-09-2017;9;19;2017
820;20-09-2017;9;20;2017
821;21-09-2017;9;21;2017
822;22-09-2017;9;22;2017
823;23-09-2017;9;23;2017
824;24-09-2017;9;24;2017
825;25-09-2017;9;25;2017
826;26-09-2017;9;26;2017
827;27-09-2017;9;27;2017
828;28-09-2017;9;28;2017
829;29-09-2017;9;29;2017
830;30-09-2017;9;30;2017
901;01-10-2017;10;1;2017
902;02-10-2017;10;2;2017
903;03-10-2017;10;3;2017
904;04-10-2017;10;4;2017
905;05-10-2017;10;5;2017
906;06-10-2017;10;6;2017
907;07-10-2017;10;7;2017
908;08-10-2017;10;8;2017
909;09-10-2017;10;9;2017
910;10-10-2017;10;10;2017
911;11-10-2017;10;11;2017
912;12-10-2017;10;12;2017
913;13-10-2017;10;13;2017
914;14-10-2017;10;14;2017
915;15-10-2017;10;15;2017
916;16-10-2017;10;16;2017
917;17-10-2017;10;17;2017
918;18-10-2017;10;18;2017
919;19-10-2017;10;19;2017
920;20-10-2017;10;20;2017
921;21-10-2017;10;21;2017
922;22-10-2017;10;22;2017
923;23-10-2017;10;23;2017
924;24-10-2017;10;24;2017
925;25-10-2017;10;25;2017
926;26-10-2017;10;26;2017
927;27-10-2017;10;27;2017
928;28-10-2017;10;28;2017
929;29-10-2017;10;29;2017
930;30-10-2017;10;30;2017
931;31-10-2017;10;31;2017
1001;01-11-2017;11;1;2017
1002;02-11-2017;11;2;2017
1003;03-11-2017;11;3;2017
1004;04-11-2017;11;4;2017
1005;05-11-2017;11;5;2017
1006;06-11-2017;11;6;2017
1007;07-11-2017;11;7;2017
1008;08-11-2017;11;8;2017
1009;09-11-2017;11;9;2017
1010;10-11-2017;11;10;2017
1011;11-11-2017;11;11;2017
1012;12-11-2017;11;12;2017
1013;13-11-2017;11;13;2017
1014;14-11-2017;11;14;2017
1015;15-11-2017;11;15;2017
1016;16-11-2017;11;16;2017
1017;17-11-2017;11;17;2017
1018;18-11-2017;11;18;2017
1019;19-11-2017;11;19;2017
1020;20-11-2017;11;20;2017
1021;21-11-2017;11;21;2017
1022;22-11-2017;11;22;2017
1023;23-11-2017;11;23;2017
1024;24-11-2017;11;24;2017
1025;25-11-2017;11;25;2017
1026;26-11-2017;11;26;2017
1027;27-11-2017;11;27;2017
1028;28-11-2017;11;28;2017
1029;29-11-2017;11;29;2017
1030;30-11-2017;11;30;2017
1101;01-12-2017;12;1;2017
1102;02-12-2017;12;2;2017
1103;03-12-2017;12;3;2017
1104;04-12-2017;12;4;2017
1105;05-12-2017;12;5;2017
1106;06-12-2017;12;6;2017
1107;07-12-2017;12;7;2017
1108;08-12-2017;12;8;2017
1109;09-12-2017;12;9;2017
1110;10-12-2017;12;10;2017
1111;11-12-2017;12;11;2017
1112;12-12-2017;12;12;2017
1113;13-12-2017;12;13;2017
1114;14-12-2017;12;14;2017
1115;15-12-2017;12;15;2017
1116;16-12-2017;12;16;2017
1117;17-12-2017;12;17;2017
1118;18-12-2017;12;18;2017
1119;19-12-2017;12;19;2017
1120;20-12-2017;12;20;2017
1121;21-12-2017;12;21;2017
1122;22-12-2017;12;22;2017
1123;23-12-2017;12;23;2017
1124;24-12-2017;12;24;2017
1125;25-12-2017;12;25;2017
1126;26-12-2017;12;26;2017
1127;27-12-2017;12;27;2017
1128;28-12-2017;12;28;2017
1129;29-12-2017;12;29;2017
1130;30-12-2017;12;30;2017
1131;31-12-2017;12;31;2017
10001;01-01-2018;1;1;2018
10002;02-01-2018;1;2;2018
10003;03-01-2018;1;3;2018
10004;04-01-2018;1;4;2018
10005;05-01-2018;1;5;2018
10006;06-01-2018;1;6;2018
10007;07-01-2018;1;7;2018
10008;08-01-2018;1;8;2018
10009;09-01-2018;1;9;2018
10010;10-01-2018;1;10;2018
10011;11-01-2018;1;11;2018
10012;12-01-2018;1;12;2018
10013;13-01-2018;1;13;2018
10014;14-01-2018;1;14;2018
10015;15-01-2018;1;15;2018
10016;16-01-2018;1;16;2018
10017;17-01-2018;1;17;2018
10018;18-01-2018;1;18;2018
10019;19-01-2018;1;19;2018
10020;20-01-2018;1;20;2018
10021;21-01-2018;1;21;2018
10022;22-01-2018;1;22;2018
10023;23-01-2018;1;23;2018
10024;24-01-2018;1;24;2018
10025;25-01-2018;1;25;2018
10026;26-01-2018;1;26;2018
10027;27-01-2018;1;27;2018
10028;28-01-2018;1;28;2018
10029;29-01-2018;1;29;2018
10030;30-01-2018;1;30;2018
10031;31-01-2018;1;31;2018
10101;01-02-2018;2;1;2018
10102;02-02-2018;2;2;2018
10103;03-02-2018;2;3;2018
10104;04-02-2018;2;4;2018
10105;05-02-2018;2;5;2018
10106;06-02-2018;2;6;2018
10107;07-02-2018;2;7;2018
10108;08-02-2018;2;8;2018
10109;09-02-2018;2;9;2018
10110;10-02-2018;2;10;2018
10111;11-02-2018;2;11;2018
10112;12-02-2018;2;12;2018
10113;13-02-2018;2;13;2018
10114;14-02-2018;2;14;2018
10115;15-02-2018;2;15;2018
10116;16-02-2018;2;16;2018
10117;17-02-2018;2;17;2018
10118;18-02-2018;2;18;2018
10119;19-02-2018;2;19;2018
10120;20-02-2018;2;20;2018
10121;21-02-2018;2;21;2018
10122;22-02-2018;2;22;2018
10123;23-02-2018;2;23;2018
10124;24-02-2018;2;24;2018
10125;25-02-2018;2;25;2018
10126;26-02-2018;2;26;2018
10127;27-02-2018;2;27;2018
10128;28-02-2018;2;28;2018
10201;01-03-2018;3;1;2018
10202;02-03-2018;3;2;2018
10203;03-03-2018;3;3;2018
10204;04-03-2018;3;4;2018
10205;05-03-2018;3;5;2018
10206;06-03-2018;3;6;2018
10207;07-03-2018;3;7;2018
10208;08-03-2018;3;8;2018
10209;09-03-2018;3;9;2018
10210;10-03-2018;3;10;2018
10211;11-03-2018;3;11;2018
10212;12-03-2018;3;12;2018
10213;13-03-2018;3;13;2018
10214;14-03-2018;3;14;2018
10215;15-03-2018;3;15;2018
10216;16-03-2018;3;16;2018
10217;17-03-2018;3;17;2018
10218;18-03-2018;3;18;2018
10219;19-03-2018;3;19;2018
10220;20-03-2018;3;20;2018
10221;21-03-2018;3;21;2018
10222;22-03-2018;3;22;2018
10223;23-03-2018;3;23;2018
10224;24-03-2018;3;24;2018
10225;25-03-2018;3;25;2018
10226;26-03-2018;3;26;2018
10227;27-03-2018;3;27;2018
10228;28-03-2018;3;28;2018
10229;29-03-2018;3;29;2018
10230;30-03-2018;3;30;2018
10231;31-03-2018;3;31;2018
10301;01-04-2018;4;1;2018
10302;02-04-2018;4;2;2018
10303;03-04-2018;4;3;2018
10304;04-04-2018;4;4;2018
10305;05-04-2018;4;5;2018
10306;06-04-2018;4;6;2018
10307;07-04-2018;4;7;2018
10308;08-04-2018;4;8;2018
10309;09-04-2018;4;9;2018
10310;10-04-2018;4;10;2018
10311;11-04-2018;4;11;2018
10312;12-04-2018;4;12;2018
10313;13-04-2018;4;13;2018
10314;14-04-2018;4;14;2018
10315;15-04-2018;4;15;2018
10316;16-04-2018;4;16;2018
10317;17-04-2018;4;17;2018
10318;18-04-2018;4;18;2018
10319;19-04-2018;4;19;2018
10320;20-04-2018;4;20;2018
10321;21-04-2018;4;21;2018
10322;22-04-2018;4;22;2018
10323;23-04-2018;4;23;2018
10324;24-04-2018;4;24;2018
10325;25-04-2018;4;25;2018
10326;26-04-2018;4;26;2018
10327;27-04-2018;4;27;2018
10328;28-04-2018;4;28;2018
10329;29-04-2018;4;29;2018
10330;30-04-2018;4;30;2018
10401;01-05-2018;5;1;2018
10402;02-05-2018;5;2;2018
10403;03-05-2018;5;3;2018
10404;04-05-2018;5;4;2018
10405;05-05-2018;5;5;2018
10406;06-05-2018;5;6;2018
10407;07-05-2018;5;7;2018
10408;08-05-2018;5;8;2018
10409;09-05-2018;5;9;2018
10410;10-05-2018;5;10;2018
10411;11-05-2018;5;11;2018
10412;12-05-2018;5;12;2018
10413;13-05-2018;5;13;2018
10414;14-05-2018;5;14;2018
10415;15-05-2018;5;15;2018
10416;16-05-2018;5;16;2018
10417;17-05-2018;5;17;2018
10418;18-05-2018;5;18;2018
10419;19-05-2018;5;19;2018
10420;20-05-2018;5;20;2018
10421;21-05-2018;5;21;2018
10422;22-05-2018;5;22;2018
10423;23-05-2018;5;23;2018
10424;24-05-2018;5;24;2018
10425;25-05-2018;5;25;2018
10426;26-05-2018;5;26;2018
10427;27-05-2018;5;27;2018
10428;28-05-2018;5;28;2018
10429;29-05-2018;5;29;2018
10430;30-05-2018;5;30;2018
10431;31-05-2018;5;31;2018
10501;01-06-2018;6;1;2018
10502;02-06-2018;6;2;2018
10503;03-06-2018;6;3;2018
10504;04-06-2018;6;4;2018
10505;05-06-2018;6;5;2018
10506;06-06-2018;6;6;2018
10507;07-06-2018;6;7;2018
10508;08-06-2018;6;8;2018
10509;09-06-2018;6;9;2018
10510;10-06-2018;6;10;2018
10511;11-06-2018;6;11;2018
10512;12-06-2018;6;12;2018
10513;13-06-2018;6;13;2018
10514;14-06-2018;6;14;2018
10515;15-06-2018;6;15;2018
10516;16-06-2018;6;16;2018
10517;17-06-2018;6;17;2018
10518;18-06-2018;6;18;2018
10519;19-06-2018;6;19;2018
10520;20-06-2018;6;20;2018
10521;21-06-2018;6;21;2018
10522;22-06-2018;6;22;2018
10523;23-06-2018;6;23;2018
10524;24-06-2018;6;24;2018
10525;25-06-2018;6;25;2018
10526;26-06-2018;6;26;2018
10527;27-06-2018;6;27;2018
10528;28-06-2018;6;28;2018
10529;29-06-2018;6;29;2018
10530;30-06-2018;6;30;2018
10601;01-07-2018;7;1;2018
10602;02-07-2018;7;2;2018
10603;03-07-2018;7;3;2018
10604;04-07-2018;7;4;2018
10605;05-07-2018;7;5;2018
10606;06-07-2018;7;6;2018
10607;07-07-2018;7;7;2018
10608;08-07-2018;7;8;2018
10609;09-07-2018;7;9;2018
10610;10-07-2018;7;10;2018
10611;11-07-2018;7;11;2018
10612;12-07-2018;7;12;2018
10613;13-07-2018;7;13;2018
10614;14-07-2018;7;14;2018
10615;15-07-2018;7;15;2018
10616;16-07-2018;7;16;2018
10617;17-07-2018;7;17;2018
10618;18-07-2018;7;18;2018
10619;19-07-2018;7;19;2018
10620;20-07-2018;7;20;2018
10621;21-07-2018;7;21;2018
10622;22-07-2018;7;22;2018
10623;23-07-2018;7;23;2018
10624;24-07-2018;7;24;2018
10625;25-07-2018;7;25;2018
10626;26-07-2018;7;26;2018
10627;27-07-2018;7;27;2018
10628;28-07-2018;7;28;2018
10629;29-07-2018;7;29;2018
10630;30-07-2018;7;30;2018
10631;31-07-2018;7;31;2018
10701;01-08-2018;8;1;2018
10702;02-08-2018;8;2;2018
10703;03-08-2018;8;3;2018
10704;04-08-2018;8;4;2018
10705;05-08-2018;8;5;2018
10706;06-08-2018;8;6;2018
10707;07-08-2018;8;7;2018
10708;08-08-2018;8;8;2018
10709;09-08-2018;8;9;2018
10710;10-08-2018;8;10;2018
10711;11-08-2018;8;11;2018
10712;12-08-2018;8;12;2018
10713;13-08-2018;8;13;2018
10714;14-08-2018;8;14;2018
10715;15-08-2018;8;15;2018
10716;16-08-2018;8;16;2018
10717;17-08-2018;8;17;2018
10718;18-08-2018;8;18;2018
10719;19-08-2018;8;19;2018
10720;20-08-2018;8;20;2018
10721;21-08-2018;8;21;2018
10722;22-08-2018;8;22;2018
10723;23-08-2018;8;23;2018
10724;24-08-2018;8;24;2018
10725;25-08-2018;8;25;2018
10726;26-08-2018;8;26;2018
10727;27-08-2018;8;27;2018
10728;28-08-2018;8;28;2018
10729;29-08-2018;8;29;2018
10730;30-08-2018;8;30;2018
10731;31-08-2018;8;31;2018
10801;01-09-2018;9;1;2018
10802;02-09-2018;9;2;2018
10803;03-09-2018;9;3;2018
10804;04-09-2018;9;4;2018
10805;05-09-2018;9;5;2018
10806;06-09-2018;9;6;2018
10807;07-09-2018;9;7;2018
10808;08-09-2018;9;8;2018
10809;09-09-2018;9;9;2018
10810;10-09-2018;9;10;2018
10811;11-09-2018;9;11;2018
10812;12-09-2018;9;12;2018
10813;13-09-2018;9;13;2018
10814;14-09-2018;9;14;2018
10815;15-09-2018;9;15;2018
10816;16-09-2018;9;16;2018
10817;17-09-2018;9;17;2018
10818;18-09-2018;9;18;2018
10819;19-09-2018;9;19;2018
10820;20-09-2018;9;20;2018
10821;21-09-2018;9;21;2018
10822;22-09-2018;9;22;2018
10823;23-09-2018;9;23;2018
10824;24-09-2018;9;24;2018
10825;25-09-2018;9;25;2018
10826;26-09-2018;9;26;2018
10827;27-09-2018;9;27;2018
10828;28-09-2018;9;28;2018
10829;29-09-2018;9;29;2018
10830;30-09-2018;9;30;2018
10901;01-10-2018;10;1;2018
10902;02-10-2018;10;2;2018
10903;03-10-2018;10;3;2018
10904;04-10-2018;10;4;2018
10905;05-10-2018;10;5;2018
10906;06-10-2018;10;6;2018
10907;07-10-2018;10;7;2018
10908;08-10-2018;10;8;2018
10909;09-10-2018;10;9;2018
10910;10-10-2018;10;10;2018
10911;11-10-2018;10;11;2018
10912;12-10-2018;10;12;2018
10913;13-10-2018;10;13;2018
10914;14-10-2018;10;14;2018
10915;15-10-2018;10;15;2018
10916;16-10-2018;10;16;2018
10917;17-10-2018;10;17;2018
10918;18-10-2018;10;18;2018
10919;19-10-2018;10;19;2018
10920;20-10-2018;10;20;2018
10921;21-10-2018;10;21;2018
10922;22-10-2018;10;22;2018
10923;23-10-2018;10;23;2018
10924;24-10-2018;10;24;2018
10925;25-10-2018;10;25;2018
10926;26-10-2018;10;26;2018
10927;27-10-2018;10;27;2018
10928;28-10-2018;10;28;2018
10929;29-10-2018;10;29;2018
10930;30-10-2018;10;30;2018
10931;31-10-2018;10;31;2018
11001;01-11-2018;11;1;2018
11002;02-11-2018;11;2;2018
11003;03-11-2018;11;3;2018
11004;04-11-2018;11;4;2018
11005;05-11-2018;11;5;2018
11006;06-11-2018;11;6;2018
11007;07-11-2018;11;7;2018
11008;08-11-2018;11;8;2018
11009;09-11-2018;11;9;2018
11010;10-11-2018;11;10;2018
11011;11-11-2018;11;11;2018
11012;12-11-2018;11;12;2018
11013;13-11-2018;11;13;2018
11014;14-11-2018;11;14;2018
11015;15-11-2018;11;15;2018
11016;16-11-2018;11;16;2018
11017;17-11-2018;11;17;2018
11018;18-11-2018;11;18;2018
11019;19-11-2018;11;19;2018
11020;20-11-2018;11;20;2018
11021;21-11-2018;11;21;2018
11022;22-11-2018;11;22;2018
11023;23-11-2018;11;23;2018
11024;24-11-2018;11;24;2018
11025;25-11-2018;11;25;2018
11026;26-11-2018;11;26;2018
11027;27-11-2018;11;27;2018
11028;28-11-2018;11;28;2018
11029;29-11-2018;11;29;2018
11030;30-11-2018;11;30;2018
11101;01-12-2018;12;1;2018
11102;02-12-2018;12;2;2018
11103;03-12-2018;12;3;2018
11104;04-12-2018;12;4;2018
11105;05-12-2018;12;5;2018
11106;06-12-2018;12;6;2018
11107;07-12-2018;12;7;2018
11108;08-12-2018;12;8;2018
11109;09-12-2018;12;9;2018
11110;10-12-2018;12;10;2018
11111;11-12-2018;12;11;2018
11112;12-12-2018;12;12;2018
11113;13-12-2018;12;13;2018
11114;14-12-2018;12;14;2018
11115;15-12-2018;12;15;2018
11116;16-12-2018;12;16;2018
11117;17-12-2018;12;17;2018
11118;18-12-2018;12;18;2018
11119;19-12-2018;12;19;2018
11120;20-12-2018;12;20;2018
11121;21-12-2018;12;21;2018
11122;22-12-2018;12;22;2018
11123;23-12-2018;12;23;2018
11124;24-12-2018;12;24;2018
11125;25-12-2018;12;25;2018
11126;26-12-2018;12;26;2018
11127;27-12-2018;12;27;2018
11128;28-12-2018;12;28;2018
11129;29-12-2018;12;29;2018
11130;30-12-2018;12;30;2018
11131;31-12-2018;12;31;2018
20001;01-01-2019;1;1;2019
20002;02-01-2019;1;2;2019
20003;03-01-2019;1;3;2019
20004;04-01-2019;1;4;2019
20005;05-01-2019;1;5;2019
20006;06-01-2019;1;6;2019
20007;07-01-2019;1;7;2019
20008;08-01-2019;1;8;2019
20009;09-01-2019;1;9;2019
20010;10-01-2019;1;10;2019
20011;11-01-2019;1;11;2019
20012;12-01-2019;1;12;2019
20013;13-01-2019;1;13;2019
20014;14-01-2019;1;14;2019
20015;15-01-2019;1;15;2019
20016;16-01-2019;1;16;2019
20017;17-01-2019;1;17;2019
20018;18-01-2019;1;18;2019
20019;19-01-2019;1;19;2019
20020;20-01-2019;1;20;2019
20021;21-01-2019;1;21;2019
20022;22-01-2019;1;22;2019
20023;23-01-2019;1;23;2019
20024;24-01-2019;1;24;2019
20025;25-01-2019;1;25;2019
20026;26-01-2019;1;26;2019
20027;27-01-2019;1;27;2019
20028;28-01-2019;1;28;2019
20029;29-01-2019;1;29;2019
20030;30-01-2019;1;30;2019
20031;31-01-2019;1;31;2019
20101;01-02-2019;2;1;2019
20102;02-02-2019;2;2;2019
20103;03-02-2019;2;3;2019
20104;04-02-2019;2;4;2019
20105;05-02-2019;2;5;2019
20106;06-02-2019;2;6;2019
20107;07-02-2019;2;7;2019
20108;08-02-2019;2;8;2019
20109;09-02-2019;2;9;2019
20110;10-02-2019;2;10;2019
20111;11-02-2019;2;11;2019
20112;12-02-2019;2;12;2019
20113;13-02-2019;2;13;2019
20114;14-02-2019;2;14;2019
20115;15-02-2019;2;15;2019
20116;16-02-2019;2;16;2019
20117;17-02-2019;2;17;2019
20118;18-02-2019;2;18;2019
20119;19-02-2019;2;19;2019
20120;20-02-2019;2;20;2019
20121;21-02-2019;2;21;2019
20122;22-02-2019;2;22;2019
20123;23-02-2019;2;23;2019
20124;24-02-2019;2;24;2019
20125;25-02-2019;2;25;2019
20126;26-02-2019;2;26;2019
20127;27-02-2019;2;27;2019
20128;28-02-2019;2;28;2019
20201;01-03-2019;3;1;2019
20202;02-03-2019;3;2;2019
20203;03-03-2019;3;3;2019
20204;04-03-2019;3;4;2019
20205;05-03-2019;3;5;2019
20206;06-03-2019;3;6;2019
20207;07-03-2019;3;7;2019
20208;08-03-2019;3;8;2019
20209;09-03-2019;3;9;2019
20210;10-03-2019;3;10;2019
20211;11-03-2019;3;11;2019
20212;12-03-2019;3;12;2019
20213;13-03-2019;3;13;2019
20214;14-03-2019;3;14;2019
20215;15-03-2019;3;15;2019
20216;16-03-2019;3;16;2019
20217;17-03-2019;3;17;2019
20218;18-03-2019;3;18;2019
20219;19-03-2019;3;19;2019
20220;20-03-2019;3;20;2019
20221;21-03-2019;3;21;2019
20222;22-03-2019;3;22;2019
20223;23-03-2019;3;23;2019
20224;24-03-2019;3;24;2019
20225;25-03-2019;3;25;2019
20226;26-03-2019;3;26;2019
20227;27-03-2019;3;27;2019
20228;28-03-2019;3;28;2019
20229;29-03-2019;3;29;2019
20230;30-03-2019;3;30;2019
20231;31-03-2019;3;31;2019
20301;01-04-2019;4;1;2019
20302;02-04-2019;4;2;2019
20303;03-04-2019;4;3;2019
20304;04-04-2019;4;4;2019
20305;05-04-2019;4;5;2019
20306;06-04-2019;4;6;2019
20307;07-04-2019;4;7;2019
20308;08-04-2019;4;8;2019
20309;09-04-2019;4;9;2019
20310;10-04-2019;4;10;2019
20311;11-04-2019;4;11;2019
20312;12-04-2019;4;12;2019
20313;13-04-2019;4;13;2019
20314;14-04-2019;4;14;2019
20315;15-04-2019;4;15;2019
20316;16-04-2019;4;16;2019
20317;17-04-2019;4;17;2019
20318;18-04-2019;4;18;2019
20319;19-04-2019;4;19;2019
20320;20-04-2019;4;20;2019
20321;21-04-2019;4;21;2019
20322;22-04-2019;4;22;2019
20323;23-04-2019;4;23;2019
20324;24-04-2019;4;24;2019
20325;25-04-2019;4;25;2019
20326;26-04-2019;4;26;2019
20327;27-04-2019;4;27;2019
20328;28-04-2019;4;28;2019
20329;29-04-2019;4;29;2019
20330;30-04-2019;4;30;2019
20401;01-05-2019;5;1;2019
20402;02-05-2019;5;2;2019
20403;03-05-2019;5;3;2019
20404;04-05-2019;5;4;2019
20405;05-05-2019;5;5;2019
20406;06-05-2019;5;6;2019
20407;07-05-2019;5;7;2019
20408;08-05-2019;5;8;2019
20409;09-05-2019;5;9;2019
20410;10-05-2019;5;10;2019
20411;11-05-2019;5;11;2019
20412;12-05-2019;5;12;2019
20413;13-05-2019;5;13;2019
20414;14-05-2019;5;14;2019
20415;15-05-2019;5;15;2019
20416;16-05-2019;5;16;2019
20417;17-05-2019;5;17;2019
20418;18-05-2019;5;18;2019
20419;19-05-2019;5;19;2019
20420;20-05-2019;5;20;2019
20421;21-05-2019;5;21;2019
20422;22-05-2019;5;22;2019
20423;23-05-2019;5;23;2019
20424;24-05-2019;5;24;2019
20425;25-05-2019;5;25;2019
20426;26-05-2019;5;26;2019
20427;27-05-2019;5;27;2019
20428;28-05-2019;5;28;2019
20429;29-05-2019;5;29;2019
20430;30-05-2019;5;30;2019
20431;31-05-2019;5;31;2019
20501;01-06-2019;6;1;2019
20502;02-06-2019;6;2;2019
20503;03-06-2019;6;3;2019
20504;04-06-2019;6;4;2019
20505;05-06-2019;6;5;2019
20506;06-06-2019;6;6;2019
20507;07-06-2019;6;7;2019
20508;08-06-2019;6;8;2019
20509;09-06-2019;6;9;2019
20510;10-06-2019;6;10;2019
20511;11-06-2019;6;11;2019
20512;12-06-2019;6;12;2019
20513;13-06-2019;6;13;2019
20514;14-06-2019;6;14;2019
20515;15-06-2019;6;15;2019
20516;16-06-2019;6;16;2019
20517;17-06-2019;6;17;2019
20518;18-06-2019;6;18;2019
20519;19-06-2019;6;19;2019
20520;20-06-2019;6;20;2019
20521;21-06-2019;6;21;2019
20522;22-06-2019;6;22;2019
20523;23-06-2019;6;23;2019
20524;24-06-2019;6;24;2019
20525;25-06-2019;6;25;2019
20526;26-06-2019;6;26;2019
20527;27-06-2019;6;27;2019
20528;28-06-2019;6;28;2019
20529;29-06-2019;6;29;2019
20530;30-06-2019;6;30;2019
20601;01-07-2019;7;1;2019
20602;02-07-2019;7;2;2019
20603;03-07-2019;7;3;2019
20604;04-07-2019;7;4;2019
20605;05-07-2019;7;5;2019
20606;06-07-2019;7;6;2019
20607;07-07-2019;7;7;2019
20608;08-07-2019;7;8;2019
20609;09-07-2019;7;9;2019
20610;10-07-2019;7;10;2019
20611;11-07-2019;7;11;2019
20612;12-07-2019;7;12;2019
20613;13-07-2019;7;13;2019
20614;14-07-2019;7;14;2019
20615;15-07-2019;7;15;2019
20616;16-07-2019;7;16;2019
20617;17-07-2019;7;17;2019
20618;18-07-2019;7;18;2019
20619;19-07-2019;7;19;2019
20620;20-07-2019;7;20;2019
20621;21-07-2019;7;21;2019
20622;22-07-2019;7;22;2019
20623;23-07-2019;7;23;2019
20624;24-07-2019;7;24;2019
20625;25-07-2019;7;25;2019
20626;26-07-2019;7;26;2019
20627;27-07-2019;7;27;2019
20628;28-07-2019;7;28;2019
20629;29-07-2019;7;29;2019
20630;30-07-2019;7;30;2019
20631;31-07-2019;7;31;2019
20701;01-08-2019;8;1;2019
20702;02-08-2019;8;2;2019
20703;03-08-2019;8;3;2019
20704;04-08-2019;8;4;2019
20705;05-08-2019;8;5;2019
20706;06-08-2019;8;6;2019
20707;07-08-2019;8;7;2019
20708;08-08-2019;8;8;2019
20709;09-08-2019;8;9;2019
20710;10-08-2019;8;10;2019
20711;11-08-2019;8;11;2019
20712;12-08-2019;8;12;2019
20713;13-08-2019;8;13;2019
20714;14-08-2019;8;14;2019
20715;15-08-2019;8;15;2019
20716;16-08-2019;8;16;2019
20717;17-08-2019;8;17;2019
20718;18-08-2019;8;18;2019
20719;19-08-2019;8;19;2019
20720;20-08-2019;8;20;2019
20721;21-08-2019;8;21;2019
20722;22-08-2019;8;22;2019
20723;23-08-2019;8;23;2019
20724;24-08-2019;8;24;2019
20725;25-08-2019;8;25;2019
20726;26-08-2019;8;26;2019
20727;27-08-2019;8;27;2019
20728;28-08-2019;8;28;2019
20729;29-08-2019;8;29;2019
20730;30-08-2019;8;30;2019
20731;31-08-2019;8;31;2019
20801;01-09-2019;9;1;2019
20802;02-09-2019;9;2;2019
20803;03-09-2019;9;3;2019
20804;04-09-2019;9;4;2019
20805;05-09-2019;9;5;2019
20806;06-09-2019;9;6;2019
20807;07-09-2019;9;7;2019
20808;08-09-2019;9;8;2019
20809;09-09-2019;9;9;2019
20810;10-09-2019;9;10;2019
20811;11-09-2019;9;11;2019
20812;12-09-2019;9;12;2019
20813;13-09-2019;9;13;2019
20814;14-09-2019;9;14;2019
20815;15-09-2019;9;15;2019
20816;16-09-2019;9;16;2019
20817;17-09-2019;9;17;2019
20818;18-09-2019;9;18;2019
20819;19-09-2019;9;19;2019
20820;20-09-2019;9;20;2019
20821;21-09-2019;9;21;2019
20822;22-09-2019;9;22;2019
20823;23-09-2019;9;23;2019
20824;24-09-2019;9;24;2019
20825;25-09-2019;9;25;2019
20826;26-09-2019;9;26;2019
20827;27-09-2019;9;27;2019
20828;28-09-2019;9;28;2019
20829;29-09-2019;9;29;2019
20830;30-09-2019;9;30;2019
20901;01-10-2019;10;1;2019
20902;02-10-2019;10;2;2019
20903;03-10-2019;10;3;2019
20904;04-10-2019;10;4;2019
20905;05-10-2019;10;5;2019
20906;06-10-2019;10;6;2019
20907;07-10-2019;10;7;2019
20908;08-10-2019;10;8;2019
20909;09-10-2019;10;9;2019
20910;10-10-2019;10;10;2019
20911;11-10-2019;10;11;2019
20912;12-10-2019;10;12;2019
20913;13-10-2019;10;13;2019
20914;14-10-2019;10;14;2019
20915;15-10-2019;10;15;2019
20916;16-10-2019;10;16;2019
20917;17-10-2019;10;17;2019
20918;18-10-2019;10;18;2019
20919;19-10-2019;10;19;2019
20920;20-10-2019;10;20;2019
20921;21-10-2019;10;21;2019
20922;22-10-2019;10;22;2019
20923;23-10-2019;10;23;2019
20924;24-10-2019;10;24;2019
20925;25-10-2019;10;25;2019
20926;26-10-2019;10;26;2019
20927;27-10-2019;10;27;2019
20928;28-10-2019;10;28;2019
20929;29-10-2019;10;29;2019
20930;30-10-2019;10;30;2019
20931;31-10-2019;10;31;2019
21001;01-11-2019;11;1;2019
21002;02-11-2019;11;2;2019
21003;03-11-2019;11;3;2019
21004;04-11-2019;11;4;2019
21005;05-11-2019;11;5;2019
21006;06-11-2019;11;6;2019
21007;07-11-2019;11;7;2019
21008;08-11-2019;11;8;2019
21009;09-11-2019;11;9;2019
21010;10-11-2019;11;10;2019
21011;11-11-2019;11;11;2019
21012;12-11-2019;11;12;2019
21013;13-11-2019;11;13;2019
21014;14-11-2019;11;14;2019
21015;15-11-2019;11;15;2019
21016;16-11-2019;11;16;2019
21017;17-11-2019;11;17;2019
21018;18-11-2019;11;18;2019
21019;19-11-2019;11;19;2019
21020;20-11-2019;11;20;2019
21021;21-11-2019;11;21;2019
21022;22-11-2019;11;22;2019
21023;23-11-2019;11;23;2019
21024;24-11-2019;11;24;2019
21025;25-11-2019;11;25;2019
21026;26-11-2019;11;26;2019
21027;27-11-2019;11;27;2019
21028;28-11-2019;11;28;2019
21029;29-11-2019;11;29;2019
21030;30-11-2019;11;30;2019
21101;01-12-2019;12;1;2019
21102;02-12-2019;12;2;2019
21103;03-12-2019;12;3;2019
21104;04-12-2019;12;4;2019
21105;05-12-2019;12;5;2019
21106;06-12-2019;12;6;2019
21107;07-12-2019;12;7;2019
21108;08-12-2019;12;8;2019
21109;09-12-2019;12;9;2019
21110;10-12-2019;12;10;2019
21111;11-12-2019;12;11;2019
21112;12-12-2019;12;12;2019
21113;13-12-2019;12;13;2019
21114;14-12-2019;12;14;2019
21115;15-12-2019;12;15;2019
21116;16-12-2019;12;16;2019
21117;17-12-2019;12;17;2019
21118;18-12-2019;12;18;2019
21119;19-12-2019;12;19;2019
21120;20-12-2019;12;20;2019
21121;21-12-2019;12;21;2019
21122;22-12-2019;12;22;2019
21123;23-12-2019;12;23;2019
21124;24-12-2019;12;24;2019
21125;25-12-2019;12;25;2019
21126;26-12-2019;12;26;2019
21127;27-12-2019;12;27;2019
21128;28-12-2019;12;28;2019
21129;29-12-2019;12;29;2019
21130;30-12-2019;12;30;2019
21131;31-12-2019;12;31;2019
30001;01-01-2020;1;1;2020
30002;02-01-2020;1;2;2020
30003;03-01-2020;1;3;2020
30004;04-01-2020;1;4;2020
30005;05-01-2020;1;5;2020
30006;06-01-2020;1;6;2020
30007;07-01-2020;1;7;2020
30008;08-01-2020;1;8;2020
30009;09-01-2020;1;9;2020
30010;10-01-2020;1;10;2020
30011;11-01-2020;1;11;2020
30012;12-01-2020;1;12;2020
30013;13-01-2020;1;13;2020
30014;14-01-2020;1;14;2020
30015;15-01-2020;1;15;2020
30016;16-01-2020;1;16;2020
30017;17-01-2020;1;17;2020
30018;18-01-2020;1;18;2020
30019;19-01-2020;1;19;2020
30020;20-01-2020;1;20;2020
30021;21-01-2020;1;21;2020
30022;22-01-2020;1;22;2020
30023;23-01-2020;1;23;2020
30024;24-01-2020;1;24;2020
30025;25-01-2020;1;25;2020
30026;26-01-2020;1;26;2020
30027;27-01-2020;1;27;2020
30028;28-01-2020;1;28;2020
30029;29-01-2020;1;29;2020
30030;30-01-2020;1;30;2020
30031;31-01-2020;1;31;2020
30101;01-02-2020;2;1;2020
30102;02-02-2020;2;2;2020
30103;03-02-2020;2;3;2020
30104;04-02-2020;2;4;2020
30105;05-02-2020;2;5;2020
30106;06-02-2020;2;6;2020
30107;07-02-2020;2;7;2020
30108;08-02-2020;2;8;2020
30109;09-02-2020;2;9;2020
30110;10-02-2020;2;10;2020
30111;11-02-2020;2;11;2020
30112;12-02-2020;2;12;2020
30113;13-02-2020;2;13;2020
30114;14-02-2020;2;14;2020
30115;15-02-2020;2;15;2020
30116;16-02-2020;2;16;2020
30117;17-02-2020;2;17;2020
30118;18-02-2020;2;18;2020
30119;19-02-2020;2;19;2020
30120;20-02-2020;2;20;2020
30121;21-02-2020;2;21;2020
30122;22-02-2020;2;22;2020
30123;23-02-2020;2;23;2020
30124;24-02-2020;2;24;2020
30125;25-02-2020;2;25;2020
30126;26-02-2020;2;26;2020
30127;27-02-2020;2;27;2020
30128;28-02-2020;2;28;2020
30129;29-02-2020;2;29;2020
30201;01-03-2020;3;1;2020
30202;02-03-2020;3;2;2020
30203;03-03-2020;3;3;2020
30204;04-03-2020;3;4;2020
30205;05-03-2020;3;5;2020
30206;06-03-2020;3;6;2020
30207;07-03-2020;3;7;2020
30208;08-03-2020;3;8;2020
30209;09-03-2020;3;9;2020
30210;10-03-2020;3;10;2020
30211;11-03-2020;3;11;2020
30212;12-03-2020;3;12;2020
30213;13-03-2020;3;13;2020
30214;14-03-2020;3;14;2020
30215;15-03-2020;3;15;2020
30216;16-03-2020;3;16;2020
30217;17-03-2020;3;17;2020
30218;18-03-2020;3;18;2020
30219;19-03-2020;3;19;2020
30220;20-03-2020;3;20;2020
30221;21-03-2020;3;21;2020
30222;22-03-2020;3;22;2020
30223;23-03-2020;3;23;2020
30224;24-03-2020;3;24;2020
30225;25-03-2020;3;25;2020
30226;26-03-2020;3;26;2020
30227;27-03-2020;3;27;2020
30228;28-03-2020;3;28;2020
30229;29-03-2020;3;29;2020
30230;30-03-2020;3;30;2020
30231;31-03-2020;3;31;2020
30301;01-04-2020;4;1;2020
30302;02-04-2020;4;2;2020
30303;03-04-2020;4;3;2020
30304;04-04-2020;4;4;2020
30305;05-04-2020;4;5;2020
30306;06-04-2020;4;6;2020
30307;07-04-2020;4;7;2020
30308;08-04-2020;4;8;2020
30309;09-04-2020;4;9;2020
30310;10-04-2020;4;10;2020
30311;11-04-2020;4;11;2020
30312;12-04-2020;4;12;2020
30313;13-04-2020;4;13;2020
30314;14-04-2020;4;14;2020
30315;15-04-2020;4;15;2020
30316;16-04-2020;4;16;2020
30317;17-04-2020;4;17;2020
30318;18-04-2020;4;18;2020
30319;19-04-2020;4;19;2020
30320;20-04-2020;4;20;2020
30321;21-04-2020;4;21;2020
30322;22-04-2020;4;22;2020
30323;23-04-2020;4;23;2020
30324;24-04-2020;4;24;2020
30325;25-04-2020;4;25;2020
30326;26-04-2020;4;26;2020
30327;27-04-2020;4;27;2020
30328;28-04-2020;4;28;2020
30329;29-04-2020;4;29;2020
30330;30-04-2020;4;30;2020
30401;01-05-2020;5;1;2020
30402;02-05-2020;5;2;2020
30403;03-05-2020;5;3;2020
30404;04-05-2020;5;4;2020
30405;05-05-2020;5;5;2020
30406;06-05-2020;5;6;2020
30407;07-05-2020;5;7;2020
30408;08-05-2020;5;8;2020
30409;09-05-2020;5;9;2020
30410;10-05-2020;5;10;2020
30411;11-05-2020;5;11;2020
30412;12-05-2020;5;12;2020
30413;13-05-2020;5;13;2020
30414;14-05-2020;5;14;2020
30415;15-05-2020;5;15;2020
30416;16-05-2020;5;16;2020
30417;17-05-2020;5;17;2020
30418;18-05-2020;5;18;2020
30419;19-05-2020;5;19;2020
30420;20-05-2020;5;20;2020
30421;21-05-2020;5;21;2020
30422;22-05-2020;5;22;2020
30423;23-05-2020;5;23;2020
30424;24-05-2020;5;24;2020
30425;25-05-2020;5;25;2020
30426;26-05-2020;5;26;2020
30427;27-05-2020;5;27;2020
30428;28-05-2020;5;28;2020
30429;29-05-2020;5;29;2020
30430;30-05-2020;5;30;2020
30431;31-05-2020;5;31;2020
30501;01-06-2020;6;1;2020
30502;02-06-2020;6;2;2020
30503;03-06-2020;6;3;2020
30504;04-06-2020;6;4;2020
30505;05-06-2020;6;5;2020
30506;06-06-2020;6;6;2020
30507;07-06-2020;6;7;2020
30508;08-06-2020;6;8;2020
30509;09-06-2020;6;9;2020
30510;10-06-2020;6;10;2020
30511;11-06-2020;6;11;2020
30512;12-06-2020;6;12;2020
30513;13-06-2020;6;13;2020
30514;14-06-2020;6;14;2020
30515;15-06-2020;6;15;2020
30516;16-06-2020;6;16;2020
30517;17-06-2020;6;17;2020
30518;18-06-2020;6;18;2020
30519;19-06-2020;6;19;2020
30520;20-06-2020;6;20;2020
30521;21-06-2020;6;21;2020
30522;22-06-2020;6;22;2020
30523;23-06-2020;6;23;2020
30524;24-06-2020;6;24;2020
30525;25-06-2020;6;25;2020
30526;26-06-2020;6;26;2020
30527;27-06-2020;6;27;2020
30528;28-06-2020;6;28;2020
30529;29-06-2020;6;29;2020
30530;30-06-2020;6;30;2020
30601;01-07-2020;7;1;2020
30602;02-07-2020;7;2;2020
30603;03-07-2020;7;3;2020
30604;04-07-2020;7;4;2020
30605;05-07-2020;7;5;2020
30606;06-07-2020;7;6;2020
30607;07-07-2020;7;7;2020
30608;08-07-2020;7;8;2020
30609;09-07-2020;7;9;2020
30610;10-07-2020;7;10;2020
30611;11-07-2020;7;11;2020
30612;12-07-2020;7;12;2020
30613;13-07-2020;7;13;2020
30614;14-07-2020;7;14;2020
30615;15-07-2020;7;15;2020
30616;16-07-2020;7;16;2020
30617;17-07-2020;7;17;2020
30618;18-07-2020;7;18;2020
30619;19-07-2020;7;19;2020
30620;20-07-2020;7;20;2020
30621;21-07-2020;7;21;2020
30622;22-07-2020;7;22;2020
30623;23-07-2020;7;23;2020
30624;24-07-2020;7;24;2020
30625;25-07-2020;7;25;2020
30626;26-07-2020;7;26;2020
30627;27-07-2020;7;27;2020
30628;28-07-2020;7;28;2020
30629;29-07-2020;7;29;2020
30630;30-07-2020;7;30;2020
30631;31-07-2020;7;31;2020
30701;01-08-2020;8;1;2020
30702;02-08-2020;8;2;2020
30703;03-08-2020;8;3;2020
30704;04-08-2020;8;4;2020
30705;05-08-2020;8;5;2020
30706;06-08-2020;8;6;2020
30707;07-08-2020;8;7;2020
30708;08-08-2020;8;8;2020
30709;09-08-2020;8;9;2020
30710;10-08-2020;8;10;2020
30711;11-08-2020;8;11;2020
30712;12-08-2020;8;12;2020
30713;13-08-2020;8;13;2020
30714;14-08-2020;8;14;2020
30715;15-08-2020;8;15;2020
30716;16-08-2020;8;16;2020
30717;17-08-2020;8;17;2020
30718;18-08-2020;8;18;2020
30719;19-08-2020;8;19;2020
30720;20-08-2020;8;20;2020
30721;21-08-2020;8;21;2020
30722;22-08-2020;8;22;2020
30723;23-08-2020;8;23;2020
30724;24-08-2020;8;24;2020
30725;25-08-2020;8;25;2020
30726;26-08-2020;8;26;2020
30727;27-08-2020;8;27;2020
30728;28-08-2020;8;28;2020
30729;29-08-2020;8;29;2020
30730;30-08-2020;8;30;2020
30731;31-08-2020;8;31;2020
30801;01-09-2020;9;1;2020
30802;02-09-2020;9;2;2020
30803;03-09-2020;9;3;2020
30804;04-09-2020;9;4;2020
30805;05-09-2020;9;5;2020
30806;06-09-2020;9;6;2020
30807;07-09-2020;9;7;2020
30808;08-09-2020;9;8;2020
30809;09-09-2020;9;9;2020
30810;10-09-2020;9;10;2020
30811;11-09-2020;9;11;2020
30812;12-09-2020;9;12;2020
30813;13-09-2020;9;13;2020
30814;14-09-2020;9;14;2020
30815;15-09-2020;9;15;2020
30816;16-09-2020;9;16;2020
30817;17-09-2020;9;17;2020
30818;18-09-2020;9;18;2020
30819;19-09-2020;9;19;2020
30820;20-09-2020;9;20;2020
30821;21-09-2020;9;21;2020
30822;22-09-2020;9;22;2020
30823;23-09-2020;9;23;2020
30824;24-09-2020;9;24;2020
30825;25-09-2020;9;25;2020
30826;26-09-2020;9;26;2020
30827;27-09-2020;9;27;2020
30828;28-09-2020;9;28;2020
30829;29-09-2020;9;29;2020
30830;30-09-2020;9;30;2020
30901;01-10-2020;10;1;2020
30902;02-10-2020;10;2;2020
30903;03-10-2020;10;3;2020
30904;04-10-2020;10;4;2020
30905;05-10-2020;10;5;2020
30906;06-10-2020;10;6;2020
30907;07-10-2020;10;7;2020
30908;08-10-2020;10;8;2020
30909;09-10-2020;10;9;2020
30910;10-10-2020;10;10;2020
30911;11-10-2020;10;11;2020
30912;12-10-2020;10;12;2020
30913;13-10-2020;10;13;2020
30914;14-10-2020;10;14;2020
30915;15-10-2020;10;15;2020
30916;16-10-2020;10;16;2020
30917;17-10-2020;10;17;2020
30918;18-10-2020;10;18;2020
30919;19-10-2020;10;19;2020
30920;20-10-2020;10;20;2020
30921;21-10-2020;10;21;2020
30922;22-10-2020;10;22;2020
30923;23-10-2020;10;23;2020
30924;24-10-2020;10;24;2020
30925;25-10-2020;10;25;2020
30926;26-10-2020;10;26;2020
30927;27-10-2020;10;27;2020
30928;28-10-2020;10;28;2020
30929;29-10-2020;10;29;2020
30930;30-10-2020;10;30;2020
30931;31-10-2020;10;31;2020
31001;01-11-2020;11;1;2020
31002;02-11-2020;11;2;2020
31003;03-11-2020;11;3;2020
31004;04-11-2020;11;4;2020
31005;05-11-2020;11;5;2020
31006;06-11-2020;11;6;2020
31007;07-11-2020;11;7;2020
31008;08-11-2020;11;8;2020
31009;09-11-2020;11;9;2020
31010;10-11-2020;11;10;2020
31011;11-11-2020;11;11;2020
31012;12-11-2020;11;12;2020
31013;13-11-2020;11;13;2020
31014;14-11-2020;11;14;2020
31015;15-11-2020;11;15;2020
31016;16-11-2020;11;16;2020
31017;17-11-2020;11;17;2020
31018;18-11-2020;11;18;2020
31019;19-11-2020;11;19;2020
31020;20-11-2020;11;20;2020
31021;21-11-2020;11;21;2020
31022;22-11-2020;11;22;2020
31023;23-11-2020;11;23;2020
31024;24-11-2020;11;24;2020
31025;25-11-2020;11;25;2020
31026;26-11-2020;11;26;2020
31027;27-11-2020;11;27;2020
31028;28-11-2020;11;28;2020
31029;29-11-2020;11;29;2020
31030;30-11-2020;11;30;2020
31101;01-12-2020;12;1;2020
31102;02-12-2020;12;2;2020
31103;03-12-2020;12;3;2020
31104;04-12-2020;12;4;2020
31105;05-12-2020;12;5;2020
31106;06-12-2020;12;6;2020
31107;07-12-2020;12;7;2020
31108;08-12-2020;12;8;2020
31109;09-12-2020;12;9;2020
31110;10-12-2020;12;10;2020
31111;11-12-2020;12;11;2020
31112;12-12-2020;12;12;2020
31113;13-12-2020;12;13;2020
31114;14-12-2020;12;14;2020
31115;15-12-2020;12;15;2020
31116;16-12-2020;12;16;2020
31117;17-12-2020;12;17;2020
31118;18-12-2020;12;18;2020
31119;19-12-2020;12;19;2020
31120;20-12-2020;12;20;2020
31121;21-12-2020;12;21;2020
31122;22-12-2020;12;22;2020
31123;23-12-2020;12;23;2020
31124;24-12-2020;12;24;2020
31125;25-12-2020;12;25;2020
31126;26-12-2020;12;26;2020
31127;27-12-2020;12;27;2020
31128;28-12-2020;12;28;2020
31129;29-12-2020;12;29;2020
31130;30-12-2020;12;30;2020
31131;31-12-2020;12;31;2020
40001;01-01-2021;1;1;2021
40002;02-01-2021;1;2;2021
40003;03-01-2021;1;3;2021
40004;04-01-2021;1;4;2021
40005;05-01-2021;1;5;2021
40006;06-01-2021;1;6;2021
40007;07-01-2021;1;7;2021
40008;08-01-2021;1;8;2021
40009;09-01-2021;1;9;2021
40010;10-01-2021;1;10;2021
40011;11-01-2021;1;11;2021
40012;12-01-2021;1;12;2021
40013;13-01-2021;1;13;2021
40014;14-01-2021;1;14;2021
40015;15-01-2021;1;15;2021
40016;16-01-2021;1;16;2021
40017;17-01-2021;1;17;2021
40018;18-01-2021;1;18;2021
40019;19-01-2021;1;19;2021
40020;20-01-2021;1;20;2021
40021;21-01-2021;1;21;2021
40022;22-01-2021;1;22;2021
40023;23-01-2021;1;23;2021
40024;24-01-2021;1;24;2021
40025;25-01-2021;1;25;2021
40026;26-01-2021;1;26;2021
40027;27-01-2021;1;27;2021
40028;28-01-2021;1;28;2021
40029;29-01-2021;1;29;2021
40030;30-01-2021;1;30;2021
40031;31-01-2021;1;31;2021
40101;01-02-2021;2;1;2021
40102;02-02-2021;2;2;2021
40103;03-02-2021;2;3;2021
40104;04-02-2021;2;4;2021
40105;05-02-2021;2;5;2021
40106;06-02-2021;2;6;2021
40107;07-02-2021;2;7;2021
40108;08-02-2021;2;8;2021
40109;09-02-2021;2;9;2021
40110;10-02-2021;2;10;2021
40111;11-02-2021;2;11;2021
40112;12-02-2021;2;12;2021
40113;13-02-2021;2;13;2021
40114;14-02-2021;2;14;2021
40115;15-02-2021;2;15;2021
40116;16-02-2021;2;16;2021
40117;17-02-2021;2;17;2021
40118;18-02-2021;2;18;2021
40119;19-02-2021;2;19;2021
40120;20-02-2021;2;20;2021
40121;21-02-2021;2;21;2021
40122;22-02-2021;2;22;2021
40123;23-02-2021;2;23;2021
40124;24-02-2021;2;24;2021
40125;25-02-2021;2;25;2021
40126;26-02-2021;2;26;2021
40127;27-02-2021;2;27;2021
40128;28-02-2021;2;28;2021
40201;01-03-2021;3;1;2021
40202;02-03-2021;3;2;2021
40203;03-03-2021;3;3;2021
40204;04-03-2021;3;4;2021
40205;05-03-2021;3;5;2021
40206;06-03-2021;3;6;2021
40207;07-03-2021;3;7;2021
40208;08-03-2021;3;8;2021
40209;09-03-2021;3;9;2021
40210;10-03-2021;3;10;2021
40211;11-03-2021;3;11;2021
40212;12-03-2021;3;12;2021
40213;13-03-2021;3;13;2021
40214;14-03-2021;3;14;2021
40215;15-03-2021;3;15;2021
40216;16-03-2021;3;16;2021
40217;17-03-2021;3;17;2021
40218;18-03-2021;3;18;2021
40219;19-03-2021;3;19;2021
40220;20-03-2021;3;20;2021
40221;21-03-2021;3;21;2021
40222;22-03-2021;3;22;2021
40223;23-03-2021;3;23;2021
40224;24-03-2021;3;24;2021
40225;25-03-2021;3;25;2021
40226;26-03-2021;3;26;2021
40227;27-03-2021;3;27;2021
40228;28-03-2021;3;28;2021
40229;29-03-2021;3;29;2021
40230;30-03-2021;3;30;2021
40231;31-03-2021;3;31;2021
40301;01-04-2021;4;1;2021
40302;02-04-2021;4;2;2021
40303;03-04-2021;4;3;2021
40304;04-04-2021;4;4;2021
40305;05-04-2021;4;5;2021
40306;06-04-2021;4;6;2021
40307;07-04-2021;4;7;2021
40308;08-04-2021;4;8;2021
40309;09-04-2021;4;9;2021
40310;10-04-2021;4;10;2021
40311;11-04-2021;4;11;2021
40312;12-04-2021;4;12;2021
40313;13-04-2021;4;13;2021
40314;14-04-2021;4;14;2021
40315;15-04-2021;4;15;2021
40316;16-04-2021;4;16;2021
40317;17-04-2021;4;17;2021
40318;18-04-2021;4;18;2021
40319;19-04-2021;4;19;2021
40320;20-04-2021;4;20;2021
40321;21-04-2021;4;21;2021
40322;22-04-2021;4;22;2021
40323;23-04-2021;4;23;2021
40324;24-04-2021;4;24;2021
40325;25-04-2021;4;25;2021
40326;26-04-2021;4;26;2021
40327;27-04-2021;4;27;2021
40328;28-04-2021;4;28;2021
40329;29-04-2021;4;29;2021
40330;30-04-2021;4;30;2021
40401;01-05-2021;5;1;2021
40402;02-05-2021;5;2;2021
40403;03-05-2021;5;3;2021
40404;04-05-2021;5;4;2021
40405;05-05-2021;5;5;2021
40406;06-05-2021;5;6;2021
40407;07-05-2021;5;7;2021
40408;08-05-2021;5;8;2021
40409;09-05-2021;5;9;2021
40410;10-05-2021;5;10;2021
40411;11-05-2021;5;11;2021
40412;12-05-2021;5;12;2021
40413;13-05-2021;5;13;2021
40414;14-05-2021;5;14;2021
40415;15-05-2021;5;15;2021
40416;16-05-2021;5;16;2021
40417;17-05-2021;5;17;2021
40418;18-05-2021;5;18;2021
40419;19-05-2021;5;19;2021
40420;20-05-2021;5;20;2021
40421;21-05-2021;5;21;2021
40422;22-05-2021;5;22;2021
40423;23-05-2021;5;23;2021
40424;24-05-2021;5;24;2021
40425;25-05-2021;5;25;2021
40426;26-05-2021;5;26;2021
40427;27-05-2021;5;27;2021
40428;28-05-2021;5;28;2021
40429;29-05-2021;5;29;2021
40430;30-05-2021;5;30;2021
40431;31-05-2021;5;31;2021
40501;01-06-2021;6;1;2021
40502;02-06-2021;6;2;2021
40503;03-06-2021;6;3;2021
40504;04-06-2021;6;4;2021
40505;05-06-2021;6;5;2021
40506;06-06-2021;6;6;2021
40507;07-06-2021;6;7;2021
40508;08-06-2021;6;8;2021
40509;09-06-2021;6;9;2021
40510;10-06-2021;6;10;2021
40511;11-06-2021;6;11;2021
40512;12-06-2021;6;12;2021
40513;13-06-2021;6;13;2021
40514;14-06-2021;6;14;2021
40515;15-06-2021;6;15;2021
40516;16-06-2021;6;16;2021
40517;17-06-2021;6;17;2021
40518;18-06-2021;6;18;2021
40519;19-06-2021;6;19;2021
40520;20-06-2021;6;20;2021
40521;21-06-2021;6;21;2021
40522;22-06-2021;6;22;2021
40523;23-06-2021;6;23;2021
40524;24-06-2021;6;24;2021
40525;25-06-2021;6;25;2021
40526;26-06-2021;6;26;2021
40527;27-06-2021;6;27;2021
40528;28-06-2021;6;28;2021
40529;29-06-2021;6;29;2021
40530;30-06-2021;6;30;2021
40601;01-07-2021;7;1;2021
40602;02-07-2021;7;2;2021
40603;03-07-2021;7;3;2021
40604;04-07-2021;7;4;2021
40605;05-07-2021;7;5;2021
40606;06-07-2021;7;6;2021
40607;07-07-2021;7;7;2021
40608;08-07-2021;7;8;2021
40609;09-07-2021;7;9;2021
40610;10-07-2021;7;10;2021
40611;11-07-2021;7;11;2021
40612;12-07-2021;7;12;2021
40613;13-07-2021;7;13;2021
40614;14-07-2021;7;14;2021
40615;15-07-2021;7;15;2021
40616;16-07-2021;7;16;2021
40617;17-07-2021;7;17;2021
40618;18-07-2021;7;18;2021
40619;19-07-2021;7;19;2021
40620;20-07-2021;7;20;2021
40621;21-07-2021;7;21;2021
40622;22-07-2021;7;22;2021
40623;23-07-2021;7;23;2021
40624;24-07-2021;7;24;2021
40625;25-07-2021;7;25;2021
40626;26-07-2021;7;26;2021
40627;27-07-2021;7;27;2021
40628;28-07-2021;7;28;2021
40629;29-07-2021;7;29;2021
40630;30-07-2021;7;30;2021
40631;31-07-2021;7;31;2021
40701;01-08-2021;8;1;2021
40702;02-08-2021;8;2;2021
40703;03-08-2021;8;3;2021
40704;04-08-2021;8;4;2021
40705;05-08-2021;8;5;2021
40706;06-08-2021;8;6;2021
40707;07-08-2021;8;7;2021
40708;08-08-2021;8;8;2021
40709;09-08-2021;8;9;2021
40710;10-08-2021;8;10;2021
40711;11-08-2021;8;11;2021
40712;12-08-2021;8;12;2021
40713;13-08-2021;8;13;2021
40714;14-08-2021;8;14;2021
40715;15-08-2021;8;15;2021
40716;16-08-2021;8;16;2021
40717;17-08-2021;8;17;2021
40718;18-08-2021;8;18;2021
40719;19-08-2021;8;19;2021
40720;20-08-2021;8;20;2021
40721;21-08-2021;8;21;2021
40722;22-08-2021;8;22;2021
40723;23-08-2021;8;23;2021
40724;24-08-2021;8;24;2021
40725;25-08-2021;8;25;2021
40726;26-08-2021;8;26;2021
40727;27-08-2021;8;27;2021
40728;28-08-2021;8;28;2021
40729;29-08-2021;8;29;2021
40730;30-08-2021;8;30;2021
40731;31-08-2021;8;31;2021
40801;01-09-2021;9;1;2021
40802;02-09-2021;9;2;2021
40803;03-09-2021;9;3;2021
40804;04-09-2021;9;4;2021
40805;05-09-2021;9;5;2021
40806;06-09-2021;9;6;2021
40807;07-09-2021;9;7;2021
40808;08-09-2021;9;8;2021
40809;09-09-2021;9;9;2021
40810;10-09-2021;9;10;2021
40811;11-09-2021;9;11;2021
40812;12-09-2021;9;12;2021
40813;13-09-2021;9;13;2021
40814;14-09-2021;9;14;2021
40815;15-09-2021;9;15;2021
40816;16-09-2021;9;16;2021
40817;17-09-2021;9;17;2021
40818;18-09-2021;9;18;2021
40819;19-09-2021;9;19;2021
40820;20-09-2021;9;20;2021
40821;21-09-2021;9;21;2021
40822;22-09-2021;9;22;2021
40823;23-09-2021;9;23;2021
40824;24-09-2021;9;24;2021
40825;25-09-2021;9;25;2021
40826;26-09-2021;9;26;2021
40827;27-09-2021;9;27;2021
40828;28-09-2021;9;28;2021
40829;29-09-2021;9;29;2021
40830;30-09-2021;9;30;2021
40901;01-10-2021;10;1;2021
40902;02-10-2021;10;2;2021
40903;03-10-2021;10;3;2021
40904;04-10-2021;10;4;2021
40905;05-10-2021;10;5;2021
40906;06-10-2021;10;6;2021
40907;07-10-2021;10;7;2021
40908;08-10-2021;10;8;2021
40909;09-10-2021;10;9;2021
40910;10-10-2021;10;10;2021
40911;11-10-2021;10;11;2021
40912;12-10-2021;10;12;2021
40913;13-10-2021;10;13;2021
40914;14-10-2021;10;14;2021
40915;15-10-2021;10;15;2021
40916;16-10-2021;10;16;2021
40917;17-10-2021;10;17;2021
40918;18-10-2021;10;18;2021
40919;19-10-2021;10;19;2021
40920;20-10-2021;10;20;2021
40921;21-10-2021;10;21;2021
40922;22-10-2021;10;22;2021
40923;23-10-2021;10;23;2021
40924;24-10-2021;10;24;2021
40925;25-10-2021;10;25;2021
40926;26-10-2021;10;26;2021
40927;27-10-2021;10;27;2021
40928;28-10-2021;10;28;2021
40929;29-10-2021;10;29;2021
40930;30-10-2021;10;30;2021
40931;31-10-2021;10;31;2021
41001;01-11-2021;11;1;2021
41002;02-11-2021;11;2;2021
41003;03-11-2021;11;3;2021
41004;04-11-2021;11;4;2021
41005;05-11-2021;11;5;2021
41006;06-11-2021;11;6;2021
41007;07-11-2021;11;7;2021
41008;08-11-2021;11;8;2021
41009;09-11-2021;11;9;2021
41010;10-11-2021;11;10;2021
41011;11-11-2021;11;11;2021
41012;12-11-2021;11;12;2021
41013;13-11-2021;11;13;2021
41014;14-11-2021;11;14;2021
41015;15-11-2021;11;15;2021
41016;16-11-2021;11;16;2021
41017;17-11-2021;11;17;2021
41018;18-11-2021;11;18;2021
41019;19-11-2021;11;19;2021
41020;20-11-2021;11;20;2021
41021;21-11-2021;11;21;2021
41022;22-11-2021;11;22;2021
41023;23-11-2021;11;23;2021
41024;24-11-2021;11;24;2021
41025;25-11-2021;11;25;2021
41026;26-11-2021;11;26;2021
41027;27-11-2021;11;27;2021
41028;28-11-2021;11;28;2021
41029;29-11-2021;11;29;2021
41030;30-11-2021;11;30;2021
41101;01-12-2021;12;1;2021
41102;02-12-2021;12;2;2021
41103;03-12-2021;12;3;2021
41104;04-12-2021;12;4;2021
41105;05-12-2021;12;5;2021
41106;06-12-2021;12;6;2021
41107;07-12-2021;12;7;2021
41108;08-12-2021;12;8;2021
41109;09-12-2021;12;9;2021
41110;10-12-2021;12;10;2021
41111;11-12-2021;12;11;2021
41112;12-12-2021;12;12;2021
41113;13-12-2021;12;13;2021
41114;14-12-2021;12;14;2021
41115;15-12-2021;12;15;2021
41116;16-12-2021;12;16;2021
41117;17-12-2021;12;17;2021
41118;18-12-2021;12;18;2021
41119;19-12-2021;12;19;2021
41120;20-12-2021;12;20;2021
41121;21-12-2021;12;21;2021
41122;22-12-2021;12;22;2021
41123;23-12-2021;12;23;2021
41124;24-12-2021;12;24;2021
41125;25-12-2021;12;25;2021
41126;26-12-2021;12;26;2021
41127;27-12-2021;12;27;2021
41128;28-12-2021;12;28;2021
41129;29-12-2021;12;29;2021
41130;30-12-2021;12;30;2021
